1,FacialRazor,Irritable,Bike,Nodozer
2,Compound,Precise,BikeHelmet,Oster
3,PJmasks,Leader,CaramelCappuccino
4,Soltice,Dermend,MilkChocolate
5,Nodoz,Oracoat,book
6,Solstice,Heliocare,CableLock,Oster
7,Chromelin,Medicado,BikeLubricant
8,MicroTouch,Kinky,Table
9,Titan,Natural,LEDTV
10,Nodozer,Oster,CoffeeMaker,
11,CoffeeMaker,FacialRazor,Irritable
12,LEDTV,Compound,Precise,BikeHelmet,Oster
13,Table,PJmasks,Leader
14,BikeLubricant,Soltice,Dermend,MilkChocolate
15,CableLock,Nodoz,Oracoat
16,book,Solstice,Heliocare
17,MilkChocolate,Chromelin,Medicado,MilkChocolate
18,CaramelCappuccino,MicroTouch,Kinky
19,BikeHelmet,Titan,Natural,Precise,Oster
20,Bike,Nodozer,Oster